{
    "main": {
        "ncalls": 1,
        "prim_calls": 1,
        "rec_depth": 0,
        "tottime": 7.291033398360014e-06,
        "cumtime": 0.03423774999100715,
        "call_time": [
            0.03423774999100715
        ]
    },
    "factorial": {
        "ncalls": 7,
        "prim_calls": 2,
        "rec_depth": 0,
        "tottime": 0.03423045895760879,
        "cumtime": 0.03423045895760879,
        "call_time": [
            5.624955520033836e-06,
            0.007091292005497962,
            0.01377133303321898,
            0.020326416997704655,
            5.420297384262085e-07,
            0.006865665956865996,
            0.013904041959904134
        ]
    }
}