{
    "main": {
        "ncalls": 1,
        "prim_calls": 1,
        "rec_depth": 0,
        "tottime": 7.957001798786223e-06,
        "cumtime": 0.030490832999930717,
        "call_time": [
            0.030490832999930717
        ]
    },
    "factorial": {
        "ncalls": 7,
        "prim_calls": 2,
        "rec_depth": 0,
        "tottime": 0.03048287599813193,
        "cumtime": 0.03048287599813193,
        "call_time": [
            1.3749959180131555e-06,
            0.006004666996886954,
            0.012038749999192078,
            0.018076084001222625,
            3.7909994716756046e-06,
            0.006356249999953434,
            0.012406791996909305
        ]
    }
}