{
    "main": {
        "ncalls": 1,
        "prim_calls": 1,
        "rec_depth": 0,
        "tottime": 1.040600000123959e-05,
        "cumtime": 0.01718074800010072,
        "call_time": [
            0.01718074800010072
        ]
    },
    "factorial": {
        "ncalls": 7,
        "prim_calls": 2,
        "rec_depth": 0,
        "tottime": 0.01717034200009948,
        "cumtime": 0.01717034200009948,
        "call_time": [
            4.7489997996308375e-06,
            0.003312947999802418,
            0.006532169000365684,
            0.010410557999875891,
            1.8850000742531847e-06,
            0.0033395579998796165,
            0.00675978400022359
        ]
    }
}